{
  "persons": [
    {
      "name": "Arun Bharamnnavar",
      "email": "arundbharmannavar@gmail.com",
      "dob": "1996-05-21",
      "avatar": "assets\\imgaes\\a1.jpg",
      "country": "India",
      "id": 2
    },
    {
      "name": "Arin Mondal",
      "email": "arindam@gmail.com",
      "dob": "1998-11-11",
      "avatar": "assets\\imgaes\\a4.jpg",
      "country": "India",
      "id": 3
    },
    {
      "name": "Anand",
      "email": "anandbharmannavar@gmail.com",
      "dob": "1998-11-05",
      "avatar": "assets\\imgaes\\a5.jpg",
      "country": "India",
      "id": 4
    }
  ]
}